Name,Website Link,Address,Contact Number,Email,,,,,,
M.S.Tour & Travels | Cab | Air ticket | Tour package,https://ms-tour-travels-regd.business.site/?utm_source=gmb&utm_medium=referral,"MS Tour and travels, D-7/222, Pocket 7, Sector 6, Rohini, New Delhi, Delhi, 110085, India",+91 98111 42469,mailmstoursntravels@gmail.com,,,,,,
Swan Tours - Tour Operator in Delhi | Best Travel Agency in India,https://www.swantour.com/,"Flat No. 6, Shankar Market, 2nd Floor, Above Shop No.1 Shankar Market, Connaught Place, New Delhi, Delhi 110001, India",+91 11 2341 5601,gaurav.chawla@swantours.in,,,,,,
Progressive Tours and Travels - Hire Tempo Traveller in Delhi,https://www.progressivetourtravels.com/,"Palika place, UG-17, Panchkuian Marg, near R K Ashram Metro Station, New Delhi, Delhi 110001, India",+91 84482 28850,info@progressivetourtravels.com,,,,,,
Shukla tour and travels - Best tour planner in Delhi,https://shukla-tour-travels-travel-agency.business.site/?utm_source=gmb&utm_medium=referral,"Shop no 3, near RSS Office ram, Type 2, Block M, Aram Bagh, Karol Bagh, New Delhi, Delhi 110055, India",+91 96435 72706,,,,,,,
TRAVEL INDIA TOURS - Best Travel Agency in Delhi | Cab/Taxi Booking | Hotel Booking | Air Ticket Booking,,"17/44, Geeta Colony Rd, near Malik gas agencies, Shastri Nagar, Geeta Colony, New Delhi, Delhi, 110031, India",+91 99715 57545,,,,,,,
Trips N Travels,http://www.tripsntravels.com/,"56 - B, Ramesh Nagar, Single Storey, New Delhi, Delhi 110015, India",+91 98104 53200,tripsntravelsdelhi@gmail.com,,,,,,
Delhi and Around Tour and Travels,https://www.delhiandaround.com/,"108 H Top floor, K Pocket, Phase II, Sheikh Sarai, New Delhi, Delhi 110017, India",,,,,,,,
Delhi Tour And Travels,,"B1/49, Wazirabad Rd, C1 Block, Block B, Yamuna Vihar, Shahdara, Delhi, 110053, India",+91 98994 37609,,,,,,,
Sai Tours & Travels,,"25, 41, Middle Cir, Block A, Connaught Place, New Delhi, Delhi 110001, India",+91 11 4502 6771,,,,,,,
Reality Tours & Travel - Delhi,https://realitytoursandtravel.com/delhi-tour/,"A-328, Sanjay Colony I, Sanjay Colony, Okhla Phase II, Okhla Industrial Estate, New Delhi, Delhi 110020, India",+91 98182 27975,info@realitytoursandtravel.com,,,,,,
India Tour & Travels,,"27, Shastri Market, Gurudwara Rd, Block 25A, Naiwala, Karol Bagh, New Delhi, Delhi, 110005, India",+91 98114 43302,,,,,,,
Faisal Tours & Travels,http://www.fttvisa.com/,"7-A, SEVENTH FLOOR, VANDHANA BUILDING, 11, Tolstoy Rd, Atul Grove Road, Janpath, Connaught Place, New Delhi, Delhi 110001, India",+91 96541 55701,fttvisa@gmail.com,,,,,,
Mother India Tour Travels,https://motherindiatourtravels.business.site/?utm_source=gmb&utm_medium=referral,"196 C, LIG Flats , Motia Khan, DDA Flat, Half Effect Area, Paharganj, New Delhi, Delhi 110055, India",+91 98101 40121,tourtravelsmotherindia@gmail.com,,,,,,
Indian Tour And Travel,http://www.indiantourandtravel.com/,"G-67, Block A, Meer Vihar, Mubarakpur Dabas, New Delhi, Delhi, 110086, India",+91 98712 74394,rajanikantkumar@gmail.com,,,,,,
United Tours India,http://www.unitedtoursindia.com/,"Shop no. 131, Yashwant place, Chanakyapuri, New Delhi, Delhi 110021, India",+91 97173 63778,info@unitedtoursindia.com,,,,,,
Sushant Tour & Travels,https://www.onlinetravelindia.com/,"Pocket III, dwarka, 75, India, New Delhi, Delhi 110075, India",+91 98711 66689,info@onlinetravelindia.com,,,,,,
Columbus Holidays Delhi,http://www.ctripsntours.com/,"Metro Station, O-46, near Patel Nagar, Block 4, West Patel Nagar, Patel Nagar, New Delhi, Delhi, 110008, India",+91 88268 32168,info@ctripsntours.com,,,,,,
Amazing India Tours,http://amazingindiatours.com/,"S 272, Greater Kailash, Mayur Vihar Phase I, Part 1, Trilokpuri, New Delhi, Delhi, 110048, India",+91 82668 41185,manishamazingindiatours@gmail.com,,,,,,
Sidhu Tours & Travel Pvt. Ltd.,http://www.sidhutours.in/,"Shop No- 37, 1st, DDA Complex, Mangla Market, Near, Post Office Marg, Block K, Kalkaji, New Delhi, Delhi 110019, India",+91 99100 00545,sidhutours@gmail.com,,,,,,
Dream To Travels - Best Travel Agency in Delhi,https://www.dreamtotravels.com/,"A-851, Camp No 4, Jwalapuri, Paschim Vihar, Delhi, 110087, India",+91 70270 05176,email.dreamtotravels24@gmail.com,,,,,,
Heritage Tours & Travels *(SJE)*,,"3rd Floor, B-7/78, B-7/Extension, Block B 7, Arjun Nagar, Safdarjung Enclave, extention, New Delhi, Delhi 110029, India",+91 98108 70837,,,,,,,
Harrok Travels Pvt. Ltd,https://harrook-travels.business.site/,"Shop no 107, 108 First Floor Plot No.3 Aggarwal Plaza, Sector 14, Rohini, New Delhi, Delhi 110085, India",+91 97173 49444,,,,,,,
Singh Pk Tour & Travels,http://www.singhpktourtravels.in/,"Singh PK tour & travels, 8501, Arakashan Rd, Paharganj, New Delhi, Delhi 110055, India",+91 63885 75630,mrperfect2246@gmail.com,,,,,,
RK TourTravels,http://rktourtravels.in/,"80, Bara Bazar Road, Shankar Rd, Old Rajinder Nagar, Rajinder Nagar, New Delhi, Delhi 110060, India",+91 92660 02146,,,,,,,
DAS Tour N Travels,,"8486, Arakashan Rd, Arya Nagar, Paharganj, New Delhi, Delhi 110055, India",+91 95608 57789,,,,,,,
Yatharth Travels,,"31, 2nd Floor, behind South Indian Bank, Sant Nagar, East of Kailash, New Delhi, Delhi 110065, India",+91 99990 26422,,,,,,,
Travel India One Day,http://www.travelindiaoneday.com/,"15/16, General Market, Ram Dwara Road, Main Bazar, 55, Paharganj, New Delhi, Delhi 110055, India",+91 77000 75050,travelindiaoneday@gmail.com,,,,,,
Ady Travel | Tour And Travel Agency In Delhi,http://www.adytrip.in/,"Shop No.191 Amrit Kaur Market, Paharganj, New Delhi, Delhi 110055, India",+91 98712 30711,adytraveldelhi@gmail.com,,,,,,
Cholan Tours Pvt. Ltd - Delhi,http://www.cholantours.com/,"201, Second Floor, Prakash Deep Building, 7, Tolstoy Rd, Barakhamba, New Delhi, Delhi 110001, India",+91 11 3500 3695,enquiry@cholantours.com,,,,,,
Down Town Travels | Best visa consultants | Malta Study visa consultant | Top International Air Ticketing Agents,http://www.downtowntravels.in/,"Suite no. 602, Nirmal Tower, 26, Barakhamba Rd, Fire Brigade Lane, Connaught Place, New Delhi, Delhi 110001, India",+91 11 2341 6379,,,,,,,
Ashwani Tourist,,"Shop No.1, Kotla Marg, Rouse Avenue, Bal Bhawan, Mandi House, New Delhi, Delhi, 110002, India",+91 98188 31934,,,,,,,
Panther Tour. New Delhi India,,"F-3/327, Gali No. 3, Block C, Block F 3, Sangam Vihar, New Delhi, Delhi 110080, India",+91 88007 77337,,,,,,,
Farepayer Pvt Ltd,http://farepayer.com/,"C9/5 First Floor, above Raymond showroom near Near Janakpuri west metro station, exit from Gate.1, near New Krishna Park, Vikaspuri, Delhi, 110018, India",+91 76770 07700,support@farepayer.com,,,,,,
NIBT HOLIDAYS - TOUR PACKAGES & CAR HIRE,https://northindiabudgettours.com/,"No - 8, Phase, Gurudwara, 233 - U.G.Floor, Street, 1 A, behind Om Vihar, Om Vihar, Uttam Nagar, New Delhi, Delhi 110059, India",+91 99992 96501,info@northindiabudgettours.com,,,,,,
INDO WORLD TRAVEL,http://www.indoworldtravels.com/,"Pnb building, 1649, Main Bazar Rd, Chuna Mandi, Aram Bagh, Paharganj, New Delhi, Delhi 110055, India",+91 99534 77259,,,,,,,
Nitam Travels I New Delhi,http://www.nitamtravels.com/,"Ansal Bhawan, LB-16, KG Marg, Connaught Place, New Delhi, Delhi 110001, India",+91 85272 97079,info@nitamtravels.com,,,,,,
Riya - The Travel Expert | New Delhi,https://www.riya.travel/,"New Delhi House, 119, 27, Barakhamba Rd, Connaught Place, New Delhi, Delhi 110001, India",+91 11 6160 8080,support@riya.travel,,,,,,
Sushant Travels Private Limited,http://www.sushanttravels.com/,"5025, Main Bazar Rd, Bazar Sangatrashan, Mantola Mohalla, Kaseru Walan, Paharganj, New Delhi, Delhi 110001, India",+91 11 4152 2406,,,,,,,
MALHOTRA WORLD TRAVELS,https://malhotraworldtravels.com/,"FIRST FLOOR, SCINDIA HOUSE, NO-12, Connaught Place, New Delhi, Delhi 110001, India",+91 97170 72227,bookings@malhotraworldtravels.com,,,,,,
UDAY TOURS & TRAVEL PVT. LTD.,http://www.udaytour.com/,"10H, Gopala Tower, Prasad Nagar, Rajendra Place, New Delhi, Delhi 110008, India",+91 11 4715 1515,inbound@udaytour.com,,,,,,
Deepak Tour & Travel,,"9202/4, Multani Dhanda, Paharganj, New Delhi, Delhi 110055, India",+91 88820 48245,,,,,,,
Holiday Tours And Travels,https://www.holidaytoursandtravels.com/,"Old Cycle Market, Hotel Tara Palace, 419, Esplande Rd, opposite Red Fort, Katra Mashru, Old Delhi, New Delhi, Delhi, 110006, India",+91 99992 30388,holidaytoursandtravels2@gmail.com,,,,,,
M.S TOUR N TRAVELS,https://mstourntravels.business.site/,"railway station, 380 New delhi, Paharganj, New Delhi, Delhi 110055, India",+91 72900 09010,,,,,,,
Top Travel & Tours Private Limited,http://www.top-travels.com/,"L-2, SAMRAT BHAWAN COMMERCIAL COMPLEX, Ranjeet Nagar, New Delhi, Delhi 110008, India",+91 11 4144 4437,info@top-travels.com,,,,,,
Besten Tours,http://bestentours.com/,"First Floor, Plot No-292, near Lala Ji Chaat, Pocket 8, Sector-24, Rohini, Delhi, 110085, India",+91 70115 16551,,,,,,,
Wings Tour N Travels,,"B673 2nd floor, near Deep chand Bandhu Hospital, Bunkar Colony, Delhi 110052, India",+91 99530 94050,,,,,,,
Fasttrack Travels,http://www.fasttrackbus.in/,"Inter State Bus Terminal, Kashmere Gate, Delhi, 110054, India",+91 93194 11466,fasttracktravels6@gmail.com,,,,,,
Noor tour & travels,https://noortourandtravels.in/,"Bazar Chitli Qabar, Rakab Ganj, Chandni Mahal, Chandni Chowk, Delhi, 110002, India",+91 99904 92692,info@noortourandtravels.in,,,,,,
APPEAR TOURS & TRAVELS,,"342/8, 1130/772 Front side, Third floor, Sarpanch ka Bara, Mandawali, New Delhi, Delhi 110092, India",,,,,,,,
Go Kite Travels and Tours LLP (Delhi),https://gokitetours.com/,"106, Ground Floor, World Trade Center, Babar Rd, Fire Brigade Lane, Connaught Place, New Delhi, Delhi 110001, India",+91 96457 60088,fly@gokitetours.com,,,,,,
Tour Destiny,http://www.tourdestiny.com/,"CN 48, Block A, Himgiri Enclave, Near Transport Authority, Behind Arya Samaj Mandir, 25 Feet Road, North Delhi, Delhi 110084, India",+91 88269 53633,info@tourdestiny.com,,,,,,
Minar Travels,https://minartravels.net/,"29, Regal Building, Hanuman Road Area, Connaught Place, New Delhi, Delhi 110001, India",+91 11 4336 8700,info@minartravels.com,,,,,,
"World Tour & Travel 206 Amrit chambers 76,77 Scindia house Janpath New Delhi 110001",,"Scindia House, Connaught Cir, Atul Grove Road, Janpath, Connaught Place, New Delhi, Delhi 110001, India",,,,,,,,
Plan Journeys,https://www.planjourneys.com/,"403 4th Floor, Vishal Chambers Sector 18 Ph: 919971052001, 919899892292, Noida, Uttar Pradesh 201301, India",+91 98998 92292,contact@planjourneys.com,,,,,,
Holidays Tour Operator (HTO),http://hto.co.in/,"C/O VIRENDER DHIMAN No 60 , 2nd FLOOR, Krishna Market, Kalkaji, New Delhi, Delhi 110019, India",+91 98715 84756,,,,,,,
Experience De Tours,https://experiencedetours.com/,"NDMC Shop 4 Janpath Lane, behind Jantar Mantar, Tolstoy Rd, New Delhi, Delhi 110001, India",,kangravalleytours@gmail.com,,,,,,
Cheema Tour and Travels,https://www.cheematourandtravels.com/,"Shop No. UG-1, Palika Place, Panchkuian Road, R, K, Ashram Metro Station, New Delhi, Delhi 110001, India",+91 98110 25482,cheematourandtravelz@gmail.com,,,,,,
Travel Zap,,"Scindia House,Bldg No 5 Office No 4, 1st Floor, Connaught Place, New Delhi, Delhi 110001, India",+91 98188 55355,,,,,,,
Star Tour & Travels,,"Building No 3496, Desh Bandhu Gupta Rd, opposite Shiela Cinema, Dariba Pan, Paharganj, New Delhi, Delhi 110055, India",+91 93547 55339,,,,,,,
Panicker's Travel (India) Pvt. Ltd,https://panickerstravel.in/,"16, 10200, Gurudwara Rd, Block 14, WEA, Karol Bagh, New Delhi, Delhi, 110005, India",+91 11 4700 0111,,,,,,,
Sterling International Tours And Travels Pvt. Ltd.,https://www.sterling.in/,"Indra Prakash Building, 501, 21, Barakhamba Rd, Barakhamba, New Delhi, Delhi 110001, India",+91 11 4707 0707,,,,,,,
Vikas Tour & Travels,https://vikas-tour-travels-tour-agency.business.site/?utm_source=gmb&utm_medium=referral,"K 262, Kishan Ganj, Swami Dayanand Colony, Sarai Rohilla, Delhi, 110007, India",+91 99999 61008,,,,,,,
All India Travel Agency,http://www.india-travel-agency.com/,"7A/9, opp. Metro Pillar Number 117, Channa Market, Karol Bagh, New Delhi, Delhi 110005, India",+91 98107 14646,delhitravelagents@gmail.com,,,,,,
Paylesstoursindia,http://www.paylesstoursindia.com/,"Hari nagar ashram 319, Delhi, 110014, India",+91 83798 12052,info@paylesstoursindia.com,,,,,,
Aastha Travels Pvt Ltd,http://www.flyatcheap.com/,"210, Competent House, Middle Cir, Block F, Connaught Place, New Delhi, Delhi 110001, India",+91 11 4767 0000,xo.del@aasthatravels.com,,,,,,
Phantom Tours and Travels pvt ltd,http://phantomholiday.com/,"E26 White House Third Floor T-1 Khizrabad, New Friends Colony, Delhi 110025, India",+91 98999 92992,info@phantomholiday.com,,,,,,
Pack N Go Holidays,https://www.packngo.in/,"D 1/33, (2nd floor), Ramphal Chowk, Sector 7 extn., Dwarka, New Delhi, Delhi 110075, India",+91 92120 69007,email@you.com,,,,,,
India Tour And Travels,https://indiatourtravels.in/,"C-252, Kusumpur, Village, Vasant Vihar, New Delhi, Delhi, 110057, India",+91 95822 04861,indiatourandtravels968@gmail.com,,,,,,
Tour Pleasure,http://www.tourpleasure.in/,"112, IP Ext, Hasanpur, I.P.Extension, Patparganj, Delhi, 110092, India",+91 85108 89090,info@tourpleasure.in,,,,,,
Best Travel Agency in Delhi | International Tour and Travel Agent in Delhi | Travel Company | Tour Packages,,,,,,,,,,
Chauhan Travel Solution | Tempo Traveller | One Way Taxi | Bus Services | One Way Cab | Car Rental,,"T-58/A, near Nizamuddin Railway Station Road, Nagli Rajapur, Nizamuddin East, New Delhi, Delhi 110013, India",+91 88008 85697,,,,,,,
Nivaan Holidays - Best International Travel Agency & Tour Operators | Travel Agents for International flights | Baku Tours,https://nivaanholidays.com/,"Ansal Chamber-2, 516, 5th Floor, Bhikaji Cama Place, New Delhi, Delhi 110066, India",+91 73033 87322,tours@nivaanholidays.com,,,,,,
Dream Travels,http://www.dreamtravelsintl.org/,"Pocket A, 8/53, Kalkaji Extension, Block A 8, Kalkaji Extension, Govindpuri, New Delhi, Delhi 110019, India",+91 96502 77951,nitika@dreamtravelsintl.com,,,,,,
Rose Tour & Travels,https://rttfd.in/,"73,74 Mohan Singh Palace, Baba Kharak Singh Rd, Connaught Place, New Delhi, Delhi 110001, India",+91 11 4370 4370,sales12@rosetourtravels.com,,,,,,
BEST TOUR AND TRAVEL,,"3300, 72D, E-BLOCK, Molar band Extension, Badarpur, New Delhi, Delhi 110044, India",,,,,,,,
DPauls Holidays,https://dpauls.com/,"B-40, Block B, Shivalik Colony, Malviya Nagar, New Delhi, Delhi 110017, India",+91 11 6677 7111,contactus@dpauls.com,,,,,,
Rana Tour and Travels Pvt. Ltd.,http://ssranatourandtravels.com/,"C, 79/144, Vallabhacharya Marg, Type 1, Aram Bagh, Paharganj, New Delhi, Delhi 110055, India",+91 97177 54209,,,,,,,
Centre Tour Travels / CTT India Tours,https://www.cttindiatours.com/,"N-9/1, Middle Lane, Palika Bazar, Connaught Place, New Delhi, Delhi 110001, India",+91 98112 59087,cttindiatours@gmail.com,,,,,,
Admire Holidays,http://www.admireholidays.com/,"Metro Pillar No. 772, First Floor, Plot No. 34, Dwarka Mor, New Delhi, Delhi 110059, India",+91 79 4730 8776,example@gmail.com,,,,,,
Muskan Travel Associates Private Limited,,"683, Block R, Rajender Nagar Part 1, New Rajinder Nagar, New Delhi, Delhi, 110060, India",,,,,,,,
"Altitude tour - tour and travels in janpath, delhi",http://www.altitudetour.net/,"C/O- Bains Tourist Taxi service,out side in gate hotel, Janpath Rd, Delhi 110001, India",+91 96258 67665,info@altitudetour.net,,,,,,
"MJD Travels India - Singapore, Dubai Thailand Tour Package Operator in Delhi, India.",http://www.mjdtravelsindia.com/,"Ansal Tower, 309, Block J, Rajouri Garden, Delhi, 110027, India",+91 74283 91788,info@mjdtravelsindia.com,,,,,,
Musafir Tours & Travels,http://musafirind.com/,"A–35, DDA Flats,, Mata Sundari Road,, Near Farash Wali Masjid, New Delhi, Delhi 110002, India",+91 11 2323 0551,musafirtravel.tours@gmail.com,,,,,,
Rachna Tour and Travel,https://rachnatourandtravel.com/,"Dr Bishambar Das Marg, Baba Kharak Singh Marg Area, New Delhi, Delhi 110001, India",+91 73030 71808,rachnatourandtravel@gmail.com,,,,,,
Sahil Tours,,"D 94, More Metro Station, near Sewak Park, Block D, Sewak Park, Dwarka, New Delhi, Delhi, 110059, India",+91 78279 68622,,,,,,,
tour and travels delhi,,"Joshi Rd, Block A, Karol Bagh, Delhi, 110005, India",,,,,,,,
India International Tour & Travels,,"150, AMRIT KAUR MARKET , CHELMSFORD ROAD , OPP NEW DELHI RAILWAY STATION (EXIT GATE) ,, PAHARGANJ, New Delhi, Delhi 110055, India",+91 97177 60760,,,,,,,
"Wamiq Tours & Travels, Delhi",,"J6XP+FPF, Kalan Mahal, Daryaganj, New Delhi, Delhi, 110002, India",+91 98991 65098,,,,,,,
White Collar Tours And Travels,https://whitecollartours.com/,"8, Parwana Rd, Maulana Azad Society, Co-operative Group Housing Societies Pitampura, Pitampura, Delhi, 110034, India",+91 99999 33335,"info@whitecollartours.com', 'info@whitecollartours.com'], ['info@whitecollartours.com', 'info@whitecollartours.com'",,,,,,
Econnect Holidays Services Pvt. Ltd.,http://www.econnectholidays.com/,"D-189 New Delhi -17, Malviya Nagar, New Delhi, Delhi 110017, India",+91 99111 77252,"Info@econnectholidays.com,",,,,,,
Agra Jaipur Delhi Tours - Taj Mahal Tours,https://www.agrajaipurdelhitours.com/,"16A, ST. THOMAS GIRLS' SENIOR SECONDARY SCHOOL, 3, Ajmal Khan Rd, Block 1, WEA, Karol Bagh, Delhi, 110005, India",+91 98186 09783,agrajaipurdelhitour@gmail.com,,,,,,
Welcome Tour India,,"65, Gole Market Chowk, near Hotel Metropolitan, Sector 4, Gole Market, New Delhi, Delhi 110001, India",+91 63974 72098,,,,,,,
Melissa Tours and Travels,http://melissatours.com/,"A 15/19, Vasant Vihar, New Delhi, Delhi 110057, India",+91 98101 95246,melissabeesa@gmail.com,,,,,,
Travel and Tour Agency in India - TripsNThrills,http://www.tripsnthrills.com/,"705, Somdutt Chamber 2, Bhikaji Cama Place, New Delhi, Delhi 110066, India",+91 97171 14888,Info@tripsnthrills.com,,,,,,
"Adventure holiday tours, India",https://www.adventureholidaytours.com/,"Roy's Business center, Behind regal cinema, ground floor, New Delhi, Delhi 110001, India",,tarun@adventureholidaytours.com,,,,,,
Tempo Traveller Delhi,https://www.delhitempotravellers.com/,"Lady Hardinge, STAFF QUARTERS, 45/127, Panchkuian Marg, Harijan Basti, Gole Market, New Delhi, Delhi 110001, India",+91 98703 17111,renttempo123@gmail.com,,,,,,
Tour Associate.com,https://www.tourassociate.com/,"122, GH 14, Block GH 14, Paschim Vihar, New Delhi, Delhi, 110087, India",+91 98109 44759,tourassociate2002@gmail.com,,,,,,
Explore India Day Tours,,"J 7/15, Block J, Rajouri Garden Extension, Rajouri Garden, New Delhi, Delhi, 110027, India",+91 99716 93333,,,,,,,
M.K.Tours & Travels,http://www.mktoursandtravel.com/,"148-A,Deep Complex,II Floor,Kilokari, Ring Rd, Maharani Bagh, Sunlight Colony, New Delhi, Delhi 110014, India",+91 11 2634 0618,,,,,,,
Ajay Travels Pvt. Ltd,http://ajaytravels.com/,"149, Bhagat Singh Market, Gole Market, New Delhi, Delhi 110001, India", 91-11- 4359606,sales1@ajaytravels.com,,,,,,
Tour and Travels in Delhi,,"Shop no. 9, Block no. 19, First Floor, Shoe Market, Sanjay Palace, Sanjay Place, Civil Lines, Agra, Uttar Pradesh 282002, India",+91 89798 40778,,,,,,,
Dook Travels Pvt. Ltd.,https://www.dookinternational.com/,"905, 906, Kanchenjunga Building, 18, Barakhamba Rd, Connaught Place, New Delhi, Delhi 110001, India",+91 11 4000 1000,sales@dooktravels.com,,,,,,
Malana Travels - Delhi,http://www.malanatravels.com/,"House no.06 block No.01 aruna nager, Majnu-ka-tilla, Delhi, 110054, India",+91 98113 98499,malanatravels2020@gmail.com,,,,,,
Kesari Tours Pvt. Ltd. Delhi,https://www.kesari.in/,"M-55, 2nd Floor, near Pind Balluchi Restaurant, Lajpat Nagar II, New Delhi, Delhi 110024, India",+91 11 4243 1111,holiday@kesari.in,,,,,,
Indian Holiday Pvt.Ltd,https://www.indianholiday.com/,"70, L.G.F, World Trade Centre, Barakhamba Ln, New Delhi, Delhi 110001, India",+91 11 4242 3100,Êinquiry@indianholiday.com,,,,,,info@trueblutravel.com
Tour and Travel Agency in Delhi,http://www.trueblutravel.in/,"6/11 B, Block 11, Tilak Nagar, New Delhi, Delhi, 110018, India",+91 11 4559 7791,info@trueblutravel.com,,,,,,
South Delhi Travel,http://www.southdelhitravel.com/,"B-1, Main Road Masood pur Market, Vasant Kunj, New Delhi, Delhi 110070, India",+91 93111 81111,"info@southdelhitravel.com,  southdelhitravel@gmail.com",,,,,,
Travel Tourister,https://www.traveltourister.com/,"2nd Floor, 39, above Kirti Club, DLE Industrial Area, Kirti Nagar, New Delhi, Delhi, 110015, India",+91 99714 82795,info@traveltourister.com,,,,,,
"Flexi Tours - #1 Travel Agency in New Delhi, India",https://www.flexitours.net/,"TANEJA HOUSE, I-84, Block I, Lajpat Nagar II, Lajpat Nagar, New Delhi, Delhi 110024, India",+91 11 4652 4652,info@flexitours.net,,,,,,
Tera Tour & Travels,http://www.chalophir.com/,"12-A/11, WEA, Saraswati Marg, Karol Bagh, Delhi, 110005, India",+91 99996 13340,chalophir.com@gmail.com,,,,,,
TourTravelWorld,https://www.tourtravelworld.com/,"33 & 33A, Rama Road, Industrial Area, Near Kirti Nagar Metro Station, New Delhi, Delhi 110015, India",,,,,,,,"info@southdelhitravel.com,  southdelhitravel@gmail.com"
Delhi Tour & Travels,,"General Market, near metro station and railway station, Main Bazar, Bharat Nagar, Paharganj, New Delhi, Delhi 110055, India",+91 95400 89850,,,,,,,
HOHO Delhi,http://www.hohodelhi.com/,"311, 3rd Floor, New Delhi House, Barakhamba Rd, Barakhamba, New Delhi, Delhi 110001, India",+91 99589 66566,customercare@hohodelhi.com,,,,,,
Joy Travels Pvt. Ltd.,http://www.joy-travels.com/,"Regal Building, 8, Sansad Marg, Connaught Place, New Delhi, Delhi 110001, India",+91 85060 17771,info@joy-travels.com,,,,,,
Holiday Hubz,,"Kd-174, AP Block, Block RU, Kohat Enclave, Pitampura, Delhi, 110034, India",+91 70421 91802,,,,,,,
Sunny Tour & Travels,,"1946/40, Hari Singh Nalwa Street, Naiwala, Karol Bagh, New Delhi, Delhi 110005, India",+91 98112 26308,,,,,,,